pyears,n,event,rate,term,group,outcome,analysis,pyears_unexposed,ratio,ratio_text
803.0746064339494,5616,NA,3.735642960149732,patternintermittent,pattern,bisphosphonate,main,803.0746064339494,8.780548404478239,1:9
91.46064339493498,939,NA,10.933664611147698,patterncontinuous,pattern,bisphosphonate,main,803.0746064339494,8.780548404478239,1:9
12.706365503080082,95,NA,0,cumdaysfew,cumdays,bisphosphonate,main,12.706365503080082,0.014409105586051019,1:0
881.8288843258042,6460,NA,4.53602742107747,cumdaysmany,cumdays,bisphosphonate,main,12.706365503080082,0.014409105586051019,1:0
232.5201916495551,1681,NA,4.300701770911831,pattern_rt_gapintermittent,pattern_rt_gap,bisphosphonate,main,232.5201916495551,0.35123097092237004,1:0
662.0150581793292,4874,NA,4.531618975934756,pattern_rt_gapcontinuous,pattern_rt_gap,bisphosphonate,main,232.5201916495551,0.35123097092237004,1:0
809.2156057494866,5940,NA,4.943058403199286,pattern_laggedintermittent,pattern_lagged,bisphosphonate,main,809.2156057494866,9.484516895035778,1:9
85.31964407939768,615,NA,0,pattern_laggedcontinuous,pattern_lagged,bisphosphonate,main,809.2156057494866,9.484516895035778,1:9
607.2060232717317,4355,NA,3.293774968212028,pattern_ittintermittent,pattern_itt,bisphosphonate,main,607.2060232717317,2.1132762251422146,1:2
287.32922655715265,2200,NA,6.960656331291032,pattern_ittcontinuous,pattern_itt,bisphosphonate,main,607.2060232717317,2.1132762251422146,1:2
NA,49,NA,0,cumdose450 to 899 mg,cumdose,bisphosphonate,main,NA,0.4660543850171079,1:0
15.203285420944558,113,NA,0,cumdose900 to 1500 mg,cumdose,bisphosphonate,main,NA,0.4660543850171079,1:0
872.2464065708419,6393,NA,4.585860107725338,cumdose>1500 mg,cumdose,bisphosphonate,main,NA,0.4660543850171079,1:0
808.3504449007529,5923,NA,4.948348856900931,severity0,severity,bisphosphonate,main,808.3504449007529,18.93720736322237,1:19
42.68583162217659,299,NA,0,severity1,severity,bisphosphonate,main,808.3504449007529,18.93720736322237,1:19
35.148528405201915,269,NA,0,severity2,severity,bisphosphonate,main,808.3504449007529,18.93720736322237,1:19
NA,64,NA,0,severity3,severity,bisphosphonate,main,808.3504449007529,18.93720736322237,1:19
890.5927446954141,6524,NA,4.491390732548595,asthma0,asthma,bisphosphonate,main,890.5927446954141,225.8951388888889,1:226
NA,31,NA,0,asthma1,asthma,bisphosphonate,main,890.5927446954141,225.8951388888889,1:226
893.5496235455167,6547,NA,4.476528101627299,alc0,alc,bisphosphonate,main,893.5496235455167,906.5805555555555,1:907
NA,NA,NA,0,alc1,alc,bisphosphonate,main,893.5496235455167,906.5805555555555,1:907
4467.6194387405885,27439,30,6.714985555810217,patternintermittent,pattern,bisphosphonate,sens_all_follow_up,4467.6194387405885,28.120872682153443,1:28
158.87200547570157,1791,NA,12.5887502584959,patterncontinuous,pattern,bisphosphonate,sens_all_follow_up,4467.6194387405885,28.120872682153443,1:28
18.21218343600274,130,NA,0,cumdaysfew,cumdays,bisphosphonate,sens_all_follow_up,18.21218343600274,0.003952057244230246,1:0
4608.279260780288,29100,32,6.944023612532038,cumdaysmany,cumdays,bisphosphonate,sens_all_follow_up,18.21218343600274,0.003952057244230246,1:0
1221.467488021903,7775,NA,7.368186290881133,pattern_rt_gapintermittent,pattern_rt_gap,bisphosphonate,sens_all_follow_up,1221.467488021903,0.3587250790996113,1:0
3405.023956194387,21455,23,6.75472487004346,pattern_rt_gapcontinuous,pattern_rt_gap,bisphosphonate,sens_all_follow_up,1221.467488021903,0.3587250790996113,1:0
4473.149897330595,28034,31,6.930239475877975,pattern_laggedintermittent,pattern_lagged,bisphosphonate,sens_all_follow_up,4473.149897330595,29.171154120839876,1:29
153.34154688569473,1196,NA,6.521389801456935,pattern_laggedcontinuous,pattern_lagged,bisphosphonate,sens_all_follow_up,4473.149897330595,29.171154120839876,1:29
3184.9034907597534,19942,24,7.535550157055101,pattern_ittintermittent,pattern_itt,bisphosphonate,sens_all_follow_up,3184.9034907597534,2.209302237246933,1:2
1441.5879534565365,9288,NA,5.549435940289436,pattern_ittcontinuous,pattern_itt,bisphosphonate,sens_all_follow_up,3184.9034907597534,2.209302237246933,1:2
NA,64,NA,0,cumdose450 to 899 mg,cumdose,bisphosphonate,sens_all_follow_up,NA,0.3677902621722846,1:0
25.585215605749486,184,NA,0,cumdose900 to 1500 mg,cumdose,bisphosphonate,sens_all_follow_up,NA,0.3677902621722846,1:0
4591.496235455168,28982,32,6.96940569239686,cumdose>1500 mg,cumdose,bisphosphonate,sens_all_follow_up,NA,0.3677902621722846,1:0
4109.54688569473,25994,29,7.056739053385315,severity0,severity,bisphosphonate,sens_all_follow_up,4109.54688569473,15.199505842801308,1:15
270.3737166324435,1679,NA,7.397168722279604,severity1,severity,bisphosphonate,sens_all_follow_up,4109.54688569473,15.199505842801308,1:15
203.71526351813827,1293,NA,4.908812342924724,severity2,severity,bisphosphonate,sens_all_follow_up,4109.54688569473,15.199505842801308,1:15
42.85557837097878,264,NA,0,severity3,severity,bisphosphonate,sens_all_follow_up,4109.54688569473,15.199505842801308,1:15
4599.501711156742,29083,32,6.9572753766738415,asthma0,asthma,bisphosphonate,sens_all_follow_up,4599.501711156742,170.4167173868939,1:170
26.989733059548254,147,NA,0,asthma1,asthma,bisphosphonate,sens_all_follow_up,4599.501711156742,170.4167173868939,1:170
4618.954140999315,29188,32,6.9279752565538075,alc0,alc,bisphosphonate,sens_all_follow_up,4618.954140999315,612.812568107519,1:613
NA,42,NA,0,alc1,alc,bisphosphonate,sens_all_follow_up,4618.954140999315,612.812568107519,1:613
330.10814510609174,3838,NA,0,patternintermittent,pattern,bisphosphonate,sens_shorter_windows,330.10814510609174,2.69194016521545,1:3
122.62833675564681,1649,NA,8.154722036168788,patterncontinuous,pattern,bisphosphonate,sens_shorter_windows,330.10814510609174,2.69194016521545,1:3
NA,96,NA,0,cumdaysfew,cumdays,bisphosphonate,sens_shorter_windows,NA,0.017562212321854922,1:0
444.92265571526355,5391,NA,2.247581657518399,cumdaysmany,cumdays,bisphosphonate,sens_shorter_windows,NA,0.017562212321854922,1:0
117.17180013689254,1410,NA,0,pattern_rt_gapintermittent,pattern_rt_gap,bisphosphonate,sens_shorter_windows,117.17180013689254,0.34917798719047044,1:0
335.56468172484597,4077,NA,2.980051401297271,pattern_rt_gapcontinuous,pattern_rt_gap,bisphosphonate,sens_shorter_windows,117.17180013689254,0.34917798719047044,1:0
332.5284052019165,3778,NA,3.007261889079173,pattern_laggedintermittent,pattern_lagged,bisphosphonate,sens_shorter_windows,332.5284052019165,2.7662734022684825,1:3
120.20807665982204,1709,NA,0,pattern_laggedcontinuous,pattern_lagged,bisphosphonate,sens_shorter_windows,332.5284052019165,2.7662734022684825,1:3
87.72073921971253,1059,NA,0,pattern_ittintermittent,pattern_itt,bisphosphonate,sens_shorter_windows,87.72073921971253,0.2403204272363151,1:0
365.015742642026,4428,NA,2.739607866668667,pattern_ittcontinuous,pattern_itt,bisphosphonate,sens_shorter_windows,87.72073921971253,0.2403204272363151,1:0
NA,56,NA,0,cumdose450 to 899 mg,cumdose,bisphosphonate,sens_shorter_windows,NA,0.5816839986581683,1:1
NA,102,NA,0,cumdose900 to 1500 mg,cumdose,bisphosphonate,sens_shorter_windows,NA,0.5816839986581683,1:1
439.8275154004107,5329,NA,2.2736185549683467,cumdose>1500 mg,cumdose,bisphosphonate,sens_shorter_windows,NA,0.5816839986581683,1:1
410.0013689253936,4961,NA,2.4390162467529866,severity0,severity,bisphosphonate,sens_shorter_windows,410.0013689253936,19.172065036487005,1:19
21.385352498288842,250,NA,0,severity1,severity,bisphosphonate,sens_shorter_windows,410.0013689253936,19.172065036487005,1:19
17.4072553045859,225,NA,0,severity2,severity,bisphosphonate,sens_shorter_windows,410.0013689253936,19.172065036487005,1:19
NA,51,NA,0,severity3,severity,bisphosphonate,sens_shorter_windows,410.0013689253936,19.172065036487005,1:19
450.76522929500345,5461,NA,2.2184497272870836,asthma0,asthma,bisphosphonate,sens_shorter_windows,450.76522929500345,228.66944444444445,1:229
NA,26,NA,0,asthma1,asthma,bisphosphonate,sens_shorter_windows,450.76522929500345,228.66944444444445,1:229
452.24366872005476,5481,NA,2.211197345957792,alc0,alc,bisphosphonate,sens_shorter_windows,452.24366872005476,917.6777777777779,1:918
NA,NA,NA,0,alc1,alc,bisphosphonate,sens_shorter_windows,452.24366872005476,917.6777777777779,1:918
799.6249144421629,5591,NA,3.751759038289684,patternintermittent,pattern,bisphosphonate,sens_no_asthma,799.6249144421629,8.790194426051887,1:9
90.9678302532512,933,NA,10.99289712875459,patterncontinuous,pattern,bisphosphonate,sens_no_asthma,799.6249144421629,8.790194426051887,1:9
12.706365503080082,95,NA,0,cumdaysfew,cumdays,bisphosphonate,sens_no_asthma,12.706365503080082,0.014473815523564783,1:0
877.8863791923341,6429,NA,4.556398293455752,cumdaysmany,cumdays,bisphosphonate,sens_no_asthma,12.706365503080082,0.014473815523564783,1:0
231.53456536618754,1675,NA,4.319009554441397,pattern_rt_gapintermittent,pattern_rt_gap,bisphosphonate,sens_no_asthma,231.53456536618754,0.3513112690625247,1:0
659.0581793292265,4849,NA,4.551950182991929,pattern_rt_gapcontinuous,pattern_rt_gap,bisphosphonate,sens_no_asthma,231.53456536618754,0.3513112690625247,1:0
805.5195071868583,5912,NA,4.965739456725672,pattern_laggedintermittent,pattern_lagged,bisphosphonate,sens_no_asthma,805.5195071868583,9.468541820873428,1:9
85.07323750855578,612,NA,0,pattern_laggedcontinuous,pattern_lagged,bisphosphonate,sens_no_asthma,805.5195071868583,9.468541820873428,1:9
604.249144421629,4335,NA,3.309892977861551,pattern_ittintermittent,pattern_itt,bisphosphonate,sens_no_asthma,604.249144421629,2.1102240240182812,1:2
286.34360027378506,2189,NA,6.9846156788128555,pattern_ittcontinuous,pattern_itt,bisphosphonate,sens_no_asthma,604.249144421629,2.1102240240182812,1:2
NA,49,NA,0,cumdose450 to 899 mg,cumdose,bisphosphonate,sens_no_asthma,NA,0.4660543850171079,1:0
15.203285420944558,113,NA,0,cumdose900 to 1500 mg,cumdose,bisphosphonate,sens_no_asthma,NA,0.4660543850171079,1:0
868.3039014373717,6362,NA,4.6066820538045326,cumdose>1500 mg,cumdose,bisphosphonate,sens_no_asthma,NA,0.4660543850171079,1:0
805.3935660506503,5903,NA,4.966515960159091,severity0,severity,bisphosphonate,sens_no_asthma,805.3935660506503,18.867936630107113,1:19
42.68583162217659,299,NA,0,severity1,severity,bisphosphonate,sens_no_asthma,805.3935660506503,18.867936630107113,1:19
35.148528405201915,269,NA,0,severity2,severity,bisphosphonate,sens_no_asthma,805.3935660506503,18.867936630107113,1:19
NA,53,NA,0,severity3,severity,bisphosphonate,sens_no_asthma,805.3935660506503,18.867936630107113,1:19
890.5927446954141,6524,NA,4.491390732548595,asthma0,asthma,bisphosphonate,sens_no_asthma,890.5927446954141,Inf,1:Inf
NA,NA,NA,NA,asthma1,asthma,bisphosphonate,sens_no_asthma,890.5927446954141,Inf,1:Inf
889.6071184120466,6516,NA,4.496366898614774,alc0,alc,bisphosphonate,sens_no_asthma,889.6071184120466,902.5805555555556,1:903
NA,NA,NA,0,alc1,alc,bisphosphonate,sens_no_asthma,889.6071184120466,902.5805555555556,1:903
3454.3901437371665,24701,21,6.079220680406684,patternintermittent,pattern,bisphosphonate,sens_all_ages,3454.3901437371665,9.50545443587271,1:10
363.4113620807666,3846,NA,22.013621022179365,patterncontinuous,pattern,bisphosphonate,sens_all_ages,3454.3901437371665,9.50545443587271,1:10
165.94934976043805,1167,NA,12.051870060878029,cumdaysfew,cumdays,bisphosphonate,sens_all_ages,165.94934976043805,0.04544251592583513,1:0
3651.852156057495,27380,27,7.393508511896862,cumdaysmany,cumdays,bisphosphonate,sens_all_ages,165.94934976043805,0.04544251592583513,1:0
1008.0164271047228,7514,NA,8.928425924416995,pattern_rt_gapintermittent,pattern_rt_gap,bisphosphonate,sens_all_ages,1008.0164271047228,0.3587521461130263,1:0
2809.78507871321,21033,20,7.11798213732395,pattern_rt_gapcontinuous,pattern_rt_gap,bisphosphonate,sens_all_ages,1008.0164271047228,0.3587521461130263,1:0
3476.090349075975,26034,27,7.767347015930476,pattern_laggedintermittent,pattern_lagged,bisphosphonate,sens_all_ages,3476.090349075975,10.172598349491226,1:10
341.71115674195755,2513,NA,5.852896402531849,pattern_laggedcontinuous,pattern_lagged,bisphosphonate,sens_all_ages,3476.090349075975,10.172598349491226,1:10
2667.359342915811,19621,15,5.623539265468006,pattern_ittintermittent,pattern_itt,bisphosphonate,sens_all_ages,2667.359342915811,2.31855144824238,1:2
1150.442162902122,8926,14,12.169234100985484,pattern_ittcontinuous,pattern_itt,bisphosphonate,sens_all_ages,2667.359342915811,2.31855144824238,1:2
97.56057494866529,664,NA,20.500084189257453,cumdose450 to 899 mg,cumdose,bisphosphonate,sens_all_ages,97.56057494866529,0.584998276230033,1:1
166.77070499657768,1203,NA,0,cumdose900 to 1500 mg,cumdose,bisphosphonate,sens_all_ages,97.56057494866529,0.584998276230033,1:1
3553.4702258726898,26680,27,7.598206340217505,cumdose>1500 mg,cumdose,bisphosphonate,sens_all_ages,97.56057494866529,0.584998276230033,1:1
3489.760438056126,26132,25,7.163815523659714,severity0,severity,bisphosphonate,sens_all_ages,3489.760438056126,18.733337252538913,1:19
186.2861054072553,1378,NA,21.472347555150574,severity1,severity,bisphosphonate,sens_all_ages,3489.760438056126,18.733337252538913,1:19
124.40246406570841,907,NA,0,severity2,severity,bisphosphonate,sens_all_ages,3489.760438056126,18.733337252538913,1:19
17.352498288843258,130,NA,0,severity3,severity,bisphosphonate,sens_all_ages,3489.760438056126,18.733337252538913,1:19
3795.2032854209447,28369,28,7.377733916799764,asthma0,asthma,bisphosphonate,sens_all_ages,3795.2032854209447,167.94257329779504,1:168
22.598220396988363,178,NA,44.25127211049188,asthma1,asthma,bisphosphonate,sens_all_ages,3795.2032854209447,167.94257329779504,1:168
3811.8877481177274,28506,29,7.607779115300526,alc0,alc,bisphosphonate,sens_all_ages,3811.8877481177274,644.5796296296296,1:645
NA,41,NA,0,alc1,alc,bisphosphonate,sens_all_ages,3811.8877481177274,644.5796296296296,1:645
804.1368925393566,5623,NA,1.2435693589957475,patternintermittent,pattern,fract_composite,main,804.1368925393566,8.780072940332417,1:9
91.58658453114305,942,NA,0,patterncontinuous,pattern,fract_composite,main,804.1368925393566,8.780072940332417,1:9
12.706365503080082,95,NA,0,cumdaysfew,cumdays,fract_composite,main,12.706365503080082,0.014389716050377959,1:0
883.0171115674195,6470,NA,1.1324808850248975,cumdaysmany,cumdays,fract_composite,main,12.706365503080082,0.014389716050377959,1:0
232.87337440109513,1683,NA,0,pattern_rt_gapintermittent,pattern_rt_gap,fract_composite,main,232.87337440109513,0.3513213220655415,1:0
662.8501026694045,4882,NA,1.508636712844787,pattern_rt_gapcontinuous,pattern_rt_gap,fract_composite,main,232.87337440109513,0.3513213220655415,1:0
810.1574264202601,5949,NA,1.234328005136697,pattern_laggedintermittent,pattern_lagged,fract_composite,main,810.1574264202601,9.468211051739033,1:9
85.56605065023956,616,NA,0,pattern_laggedcontinuous,pattern_lagged,fract_composite,main,810.1574264202601,9.468211051739033,1:9
607.0800821355236,4355,NA,1.6472291373525272,pattern_ittintermittent,pattern_itt,fract_composite,main,607.0800821355236,2.1032183406527745,1:2
288.643394934976,2210,NA,0,pattern_ittcontinuous,pattern_itt,fract_composite,main,607.0800821355236,2.1032183406527745,1:2
NA,49,NA,0,cumdose450 to 899 mg,cumdose,fract_composite,main,NA,0.4660543850171079,1:0
15.203285420944558,113,NA,0,cumdose900 to 1500 mg,cumdose,fract_composite,main,NA,0.4660543850171079,1:0
873.4346338124573,6403,NA,1.1449053670279792,cumdose>1500 mg,cumdose,fract_composite,main,NA,0.4660543850171079,1:0
809.5386721423682,5933,NA,1.2352714384275105,severity0,severity,fract_composite,main,809.5386721423682,18.965043935603873,1:19
42.68583162217659,299,NA,0,severity1,severity,fract_composite,main,809.5386721423682,18.965043935603873,1:19
35.148528405201915,269,NA,0,severity2,severity,fract_composite,main,809.5386721423682,18.965043935603873,1:19
NA,64,NA,0,severity3,severity,fract_composite,main,809.5386721423682,18.965043935603873,1:19
891.7809719370294,6534,NA,1.1213515778744516,asthma0,asthma,fract_composite,main,891.7809719370294,226.1965277777778,1:226
NA,31,NA,0,asthma1,asthma,fract_composite,main,891.7809719370294,226.1965277777778,1:226
894.7378507871321,6557,NA,1.1176457988451758,alc0,alc,fract_composite,main,894.7378507871321,907.7861111111112,1:908
NA,NA,NA,0,alc1,alc,fract_composite,main,894.7378507871321,907.7861111111112,1:908
4557.711156741958,27952,NA,0.43881675060551306,patternintermittent,pattern,fract_composite,sens_all_follow_up,4557.711156741958,28.415676635258773,1:28
160.39425051334703,1810,NA,0,patterncontinuous,pattern,fract_composite,sens_all_follow_up,4557.711156741958,28.415676635258773,1:28
18.21218343600274,130,NA,0,cumdaysfew,cumdays,fract_composite,sens_all_follow_up,18.21218343600274,0.00387502067998108,1:0
4699.893223819302,29632,NA,0.4255415824904057,cumdaysmany,cumdays,fract_composite,sens_all_follow_up,18.21218343600274,0.00387502067998108,1:0
1243.937029431896,7916,NA,0,pattern_rt_gapintermittent,pattern_rt_gap,fract_composite,sens_all_follow_up,1243.937029431896,0.3580531782432581,1:0
3474.1683778234087,21846,NA,0.5756773369899286,pattern_rt_gapcontinuous,pattern_rt_gap,fract_composite,sens_all_follow_up,1243.937029431896,0.3580531782432581,1:0
4562.907597535935,28554,NA,0.43831700669985996,pattern_laggedintermittent,pattern_lagged,fract_composite,sens_all_follow_up,4562.907597535935,29.40059273894789,1:29
155.1978097193703,1208,NA,0,pattern_laggedcontinuous,pattern_lagged,fract_composite,sens_all_follow_up,4562.907597535935,29.40059273894789,1:29
3242.299794661191,20282,NA,0.616846105129829,pattern_ittintermittent,pattern_itt,fract_composite,sens_all_follow_up,3242.299794661191,2.196969415885336,1:2
1475.8056125941137,9480,NA,0,pattern_ittcontinuous,pattern_itt,fract_composite,sens_all_follow_up,3242.299794661191,2.196969415885336,1:2
NA,64,NA,0,cumdose450 to 899 mg,cumdose,fract_composite,sens_all_follow_up,NA,0.3677902621722846,1:0
25.585215605749486,184,NA,0,cumdose900 to 1500 mg,cumdose,fract_composite,sens_all_follow_up,NA,0.3677902621722846,1:0
4683.110198494182,29514,NA,0.42706661069882246,cumdose>1500 mg,cumdose,fract_composite,sens_all_follow_up,NA,0.3677902621722846,1:0
4192.331279945243,26469,NA,0.47706153604018675,severity0,severity,fract_composite,sens_all_follow_up,4192.331279945243,15.199557289340202,1:15
275.8193018480493,1711,NA,0,severity1,severity,fract_composite,sens_all_follow_up,4192.331279945243,15.199557289340202,1:15
207.09924709103353,1318,NA,0,severity2,severity,fract_composite,sens_all_follow_up,4192.331279945243,15.199557289340202,1:15
42.85557837097878,264,NA,0,severity3,severity,fract_composite,sens_all_follow_up,4192.331279945243,15.199557289340202,1:15
4691.115674195757,29615,NA,0.4263378136253013,asthma0,asthma,fract_composite,sens_all_follow_up,4691.115674195757,173.8111178738081,1:174
26.989733059548254,147,NA,0,asthma1,asthma,fract_composite,sens_all_follow_up,4691.115674195757,173.8111178738081,1:174
4710.56810403833,29720,NA,0.42457723905645633,alc0,alc,fract_composite,sens_all_follow_up,4710.56810403833,624.9673083908463,1:625
NA,42,NA,0,alc1,alc,fract_composite,sens_all_follow_up,4710.56810403833,624.9673083908463,1:625
330.29705681040383,3841,NA,3.02757768917698,patternintermittent,pattern,fract_composite,sens_shorter_windows,330.29705681040383,2.693420553236141,1:3
122.63107460643396,1650,NA,0,patterncontinuous,pattern,fract_composite,sens_shorter_windows,330.29705681040383,2.693420553236141,1:3
NA,96,NA,0,cumdaysfew,cumdays,fract_composite,sens_shorter_windows,NA,0.017554650690745365,1:0
445.11430527036276,5395,NA,2.2466139330044657,cumdaysmany,cumdays,fract_composite,sens_shorter_windows,NA,0.017554650690745365,1:0
117.17180013689254,1410,NA,0,pattern_rt_gapintermittent,pattern_rt_gap,fract_composite,sens_shorter_windows,117.17180013689254,0.3489786765605251,1:0
335.75633127994524,4081,NA,2.9783503893668204,pattern_rt_gapcontinuous,pattern_rt_gap,fract_composite,sens_shorter_windows,117.17180013689254,0.3489786765605251,1:0
332.5968514715948,3779,NA,3.0066430141338976,pattern_laggedintermittent,pattern_lagged,fract_composite,sens_shorter_windows,332.5968514715948,2.764009920138336,1:3
120.33127994524298,1712,NA,0,pattern_laggedcontinuous,pattern_lagged,fract_composite,sens_shorter_windows,332.5968514715948,2.764009920138336,1:3
87.72073921971253,1059,NA,0,pattern_ittintermittent,pattern_itt,fract_composite,sens_shorter_windows,87.72073921971253,0.24019431450161927,1:0
365.2073921971253,4432,NA,2.7381702051097516,pattern_ittcontinuous,pattern_itt,fract_composite,sens_shorter_windows,87.72073921971253,0.24019431450161927,1:0
NA,56,NA,0,cumdose450 to 899 mg,cumdose,fract_composite,sens_shorter_windows,NA,0.5816839986581683,1:1
NA,102,NA,0,cumdose900 to 1500 mg,cumdose,fract_composite,sens_shorter_windows,NA,0.5816839986581683,1:1
440.01916495550995,5333,NA,2.2726282845000836,cumdose>1500 mg,cumdose,fract_composite,sens_shorter_windows,NA,0.5816839986581683,1:1
410.1930184804928,4965,NA,2.4378766944995096,severity0,severity,fract_composite,sens_shorter_windows,410.1930184804928,19.18102675713737,1:19
21.385352498288842,250,NA,0,severity1,severity,fract_composite,sens_shorter_windows,410.1930184804928,19.18102675713737,1:19
17.4072553045859,225,NA,0,severity2,severity,fract_composite,sens_shorter_windows,410.1930184804928,19.18102675713737,1:19
NA,51,NA,0,severity3,severity,fract_composite,sens_shorter_windows,410.1930184804928,19.18102675713737,1:19
450.95687885010267,5465,NA,2.2175069211714993,asthma0,asthma,fract_composite,sens_shorter_windows,450.95687885010267,228.76666666666668,1:229
NA,26,NA,0,asthma1,asthma,fract_composite,sens_shorter_windows,450.95687885010267,228.76666666666668,1:229
452.43531827515403,5485,NA,2.2102606927601482,alc0,alc,fract_composite,sens_shorter_windows,452.43531827515403,918.0666666666668,1:918
NA,NA,NA,0,alc1,alc,fract_composite,sens_shorter_windows,452.43531827515403,918.0666666666668,1:918
800.6872005475701,5598,NA,1.24892717070552,patternintermittent,pattern,fract_composite,sens_no_asthma,800.6872005475701,8.789703053618657,1:9
91.09377138945928,936,NA,0,patterncontinuous,pattern,fract_composite,sens_no_asthma,800.6872005475701,8.789703053618657,1:9
12.706365503080082,95,NA,0,cumdaysfew,cumdays,fract_composite,sens_no_asthma,12.706365503080082,0.014454251561906304,1:0
879.0746064339494,6439,NA,1.1375598756703895,cumdaysmany,cumdays,fract_composite,sens_no_asthma,12.706365503080082,0.014454251561906304,1:0
231.8877481177276,1677,NA,0,pattern_rt_gapintermittent,pattern_rt_gap,fract_composite,sens_no_asthma,231.8877481177276,0.35140192344394383,1:0
659.8932238193019,4857,NA,1.5153966791964353,pattern_rt_gapcontinuous,pattern_rt_gap,fract_composite,sens_no_asthma,231.8877481177276,0.35140192344394383,1:0
806.4613278576318,5921,NA,1.2399850624660511,pattern_laggedintermittent,pattern_lagged,fract_composite,sens_no_asthma,806.4613278576318,9.452235022302089,1:9
85.31964407939768,613,NA,0,pattern_laggedcontinuous,pattern_lagged,fract_composite,sens_no_asthma,806.4613278576318,9.452235022302089,1:9
604.1232032854209,4335,NA,1.655291494452904,pattern_ittintermittent,pattern_itt,fract_composite,sens_no_asthma,604.1232032854209,2.100145621365414,1:2
287.6577686516085,2199,NA,0,pattern_ittcontinuous,pattern_itt,fract_composite,sens_no_asthma,604.1232032854209,2.100145621365414,1:2
NA,49,NA,0,cumdose450 to 899 mg,cumdose,fract_composite,sens_no_asthma,NA,0.4660543850171079,1:0
15.203285420944558,113,NA,0,cumdose900 to 1500 mg,cumdose,fract_composite,sens_no_asthma,NA,0.4660543850171079,1:0
869.492128678987,6372,NA,1.1500966679471758,cumdose>1500 mg,cumdose,fract_composite,sens_no_asthma,NA,0.4660543850171079,1:0
806.5817932922656,5913,NA,1.239799866940028,severity0,severity,fract_composite,sens_no_asthma,806.5817932922656,18.895773202488616,1:19
42.68583162217659,299,NA,0,severity1,severity,fract_composite,sens_no_asthma,806.5817932922656,18.895773202488616,1:19
35.148528405201915,269,NA,0,severity2,severity,fract_composite,sens_no_asthma,806.5817932922656,18.895773202488616,1:19
NA,53,NA,0,severity3,severity,fract_composite,sens_no_asthma,806.5817932922656,18.895773202488616,1:19
891.7809719370294,6534,NA,1.1213515778744516,asthma0,asthma,fract_composite,sens_no_asthma,891.7809719370294,Inf,1:Inf
NA,NA,NA,NA,asthma1,asthma,fract_composite,sens_no_asthma,891.7809719370294,Inf,1:Inf
890.7953456536619,6526,NA,1.1225923045951751,alc0,alc,fract_composite,sens_no_asthma,890.7953456536619,903.7861111111113,1:904
NA,NA,NA,0,alc1,alc,fract_composite,sens_no_asthma,890.7953456536619,903.7861111111113,1:904
3468.3778234086244,24802,NA,1.1532768930199513,patternintermittent,pattern,fract_composite,sens_all_ages,3468.3778234086244,9.52829550069949,1:10
364.0082135523614,3851,NA,0,patterncontinuous,pattern,fract_composite,sens_all_ages,3468.3778234086244,9.52829550069949,1:10
166.28336755646816,1168,NA,6.013830575450729,cumdaysfew,cumdays,fract_composite,sens_all_ages,166.28336755646816,0.045356986028838475,1:0
3666.1026694045177,27485,NA,0.8183076881715612,cumdaysmany,cumdays,fract_composite,sens_all_ages,166.28336755646816,0.045356986028838475,1:0
1013.6071184120466,7547,NA,0,pattern_rt_gapintermittent,pattern_rt_gap,fract_composite,sens_all_ages,1013.6071184120466,0.35959085394814677,1:0
2818.778918548939,21106,NA,1.419054177565346,pattern_rt_gapcontinuous,pattern_rt_gap,fract_composite,sens_all_ages,1013.6071184120466,0.35959085394814677,1:0
3488.895277207392,26126,NA,1.1464947160012524,pattern_laggedintermittent,pattern_lagged,fract_composite,sens_all_ages,3488.895277207392,10.157173601147775,1:10
343.4907597535934,2527,NA,0,pattern_laggedcontinuous,pattern_lagged,fract_composite,sens_all_ages,3488.895277207392,10.157173601147775,1:10
2675.093771389459,19675,NA,0.7476373431803807,pattern_ittintermittent,pattern_itt,fract_composite,sens_all_ages,2675.093771389459,2.3115109734777066,1:2
1157.2922655715263,8978,NA,1.728171922943168,pattern_ittcontinuous,pattern_itt,fract_composite,sens_all_ages,2675.093771389459,2.3115109734777066,1:2
98.20670773442848,667,NA,0,cumdose450 to 899 mg,cumdose,fract_composite,sens_all_ages,98.20670773442848,0.5899768088290926,1:1
166.45859000684462,1201,NA,6.007500123357292,cumdose900 to 1500 mg,cumdose,fract_composite,sens_all_ages,98.20670773442848,0.5899768088290926,1:1
3567.7207392197124,26785,NA,0.8408729884660543,cumdose>1500 mg,cumdose,fract_composite,sens_all_ages,98.20670773442848,0.5899768088290926,1:1
3501.5852156057495,26217,NA,1.1423397557691675,severity0,severity,fract_composite,sens_all_ages,3501.5852156057495,18.522411620733102,1:19
189.04585900068446,1399,NA,0,severity1,severity,fract_composite,sens_all_ages,3501.5852156057495,18.522411620733102,1:19
124.40246406570841,907,NA,0,severity2,severity,fract_composite,sens_all_ages,3501.5852156057495,18.522411620733102,1:19
17.352498288843258,130,NA,0,severity3,severity,fract_composite,sens_all_ages,3501.5852156057495,18.522411620733102,1:19
3809.3141683778235,28471,NA,1.050057785520846,asthma0,asthma,fract_composite,sens_all_ages,3809.3141683778235,165.10644357422572,1:165
23.071868583162217,182,NA,0,asthma1,asthma,fract_composite,sens_all_ages,3809.3141683778235,165.10644357422572,1:165
3826.4722792607804,28612,NA,1.0453492690067894,alc0,alc,fract_composite,sens_all_ages,3826.4722792607804,647.0458333333333,1:647
NA,41,NA,0,alc1,alc,fract_composite,sens_all_ages,3826.4722792607804,647.0458333333333,1:647
803.3593429158111,5614,NA,1.2447729759020132,patternintermittent,pattern,calcium_and_vit_d,main,803.3593429158111,8.76581824699767,1:9
91.64681724845995,943,NA,10.911453665531457,patterncontinuous,pattern,calcium_and_vit_d,main,803.3593429158111,8.76581824699767,1:9
12.706365503080082,95,NA,0,cumdaysfew,cumdays,calcium_and_vit_d,main,12.706365503080082,0.014401415006516479,1:0
882.299794661191,6462,NA,2.266803202383169,cumdaysmany,cumdays,calcium_and_vit_d,main,12.706365503080082,0.014401415006516479,1:0
231.48254620123203,1672,NA,8.639960259731044,pattern_rt_gapintermittent,pattern_rt_gap,calcium_and_vit_d,main,231.48254620123203,0.34886858783917607,1:0
663.523613963039,4885,NA,0,pattern_rt_gapcontinuous,pattern_rt_gap,calcium_and_vit_d,main,231.48254620123203,0.34886858783917607,1:0
809.4401095140315,5941,NA,2.470843706028791,pattern_laggedintermittent,pattern_lagged,calcium_and_vit_d,main,809.4401095140315,9.459827856525774,1:9
85.56605065023956,616,NA,0,pattern_laggedcontinuous,pattern_lagged,calcium_and_vit_d,main,809.4401095140315,9.459827856525774,1:9
606.3025325119781,4346,NA,1.6493416180481548,pattern_ittintermittent,pattern_itt,calcium_and_vit_d,main,606.3025325119781,2.1000862976415142,1:2
288.70362765229294,2211,NA,3.4637597321928135,pattern_ittcontinuous,pattern_itt,calcium_and_vit_d,main,606.3025325119781,2.1000862976415142,1:2
NA,49,NA,0,cumdose450 to 899 mg,cumdose,calcium_and_vit_d,main,NA,0.4660543850171079,1:0
15.203285420944558,113,NA,0,cumdose900 to 1500 mg,cumdose,calcium_and_vit_d,main,NA,0.4660543850171079,1:0
872.7173169062286,6395,NA,2.2916928096373446,cumdose>1500 mg,cumdose,calcium_and_vit_d,main,NA,0.4660543850171079,1:0
808.8213552361397,5925,NA,2.4727339196132987,severity0,severity,calcium_and_vit_d,main,808.8213552361397,18.948239368866652,1:19
42.68583162217659,299,NA,0,severity1,severity,calcium_and_vit_d,main,808.8213552361397,18.948239368866652,1:19
35.148528405201915,269,NA,0,severity2,severity,calcium_and_vit_d,main,808.8213552361397,18.948239368866652,1:19
NA,64,NA,0,severity3,severity,calcium_and_vit_d,main,808.8213552361397,18.948239368866652,1:19
891.0636550308009,6526,NA,2.2445085586291444,asthma0,asthma,calcium_and_vit_d,main,891.0636550308009,226.01458333333338,1:226
NA,31,NA,0,asthma1,asthma,calcium_and_vit_d,main,891.0636550308009,226.01458333333338,1:226
894.0205338809035,6549,NA,2.2370850827308053,alc0,alc,calcium_and_vit_d,main,894.0205338809035,907.0583333333335,1:907
NA,NA,NA,0,alc1,alc,calcium_and_vit_d,main,894.0205338809035,907.0583333333335,1:907
4543.403148528405,27866,NA,1.320595994644099,patternintermittent,pattern,calcium_and_vit_d,sens_all_follow_up,4543.403148528405,28.359388885091256,1:28
160.20807665982204,1808,NA,6.2418825620343155,patterncontinuous,pattern,calcium_and_vit_d,sens_all_follow_up,4543.403148528405,28.359388885091256,1:28
18.21218343600274,130,NA,0,cumdaysfew,cumdays,calcium_and_vit_d,sens_all_follow_up,18.21218343600274,0.0038870079738591123,1:0
4685.399041752225,29544,NA,1.4940029520691949,cumdaysmany,cumdays,calcium_and_vit_d,sens_all_follow_up,18.21218343600274,0.0038870079738591123,1:0
1231.6440793976728,7829,NA,2.43576862032019,pattern_rt_gapintermittent,pattern_rt_gap,calcium_and_vit_d,sens_all_follow_up,1231.6440793976728,0.35473955474807123,1:0
3471.9671457905542,21845,NA,1.1520846344556106,pattern_rt_gapcontinuous,pattern_rt_gap,calcium_and_vit_d,sens_all_follow_up,1231.6440793976728,0.35473955474807123,1:0
4548.659822039699,28469,NA,1.5389148175211478,pattern_laggedintermittent,pattern_lagged,calcium_and_vit_d,sens_all_follow_up,4548.659822039699,29.355396141070038,1:29
154.9514031485284,1205,NA,0,pattern_laggedcontinuous,pattern_lagged,calcium_and_vit_d,sens_all_follow_up,4548.659822039699,29.355396141070038,1:29
3230.6694045174536,20211,NA,1.5476668683612402,pattern_ittintermittent,pattern_itt,calcium_and_vit_d,sens_all_follow_up,3230.6694045174536,2.1933448824517834,1:2
1472.9418206707735,9463,NA,1.3578268821841217,pattern_ittcontinuous,pattern_itt,calcium_and_vit_d,sens_all_follow_up,3230.6694045174536,2.1933448824517834,1:2
NA,64,NA,0,cumdose450 to 899 mg,cumdose,calcium_and_vit_d,sens_all_follow_up,NA,0.3677902621722846,1:0
25.585215605749486,184,NA,0,cumdose900 to 1500 mg,cumdose,calcium_and_vit_d,sens_all_follow_up,NA,0.3677902621722846,1:0
4668.616016427105,29426,NA,1.499373684914251,cumdose>1500 mg,cumdose,calcium_and_vit_d,sens_all_follow_up,NA,0.3677902621722846,1:0
4182.661190965093,26403,NA,1.1954111919943287,severity0,severity,calcium_and_vit_d,sens_all_follow_up,4182.661190965093,15.434447015083704,1:15
270.9952087611225,1689,NA,7.3802042816298075,severity1,severity,calcium_and_vit_d,sens_all_follow_up,4182.661190965093,15.434447015083704,1:15
207.09924709103353,1318,NA,0,severity2,severity,calcium_and_vit_d,sens_all_follow_up,4182.661190965093,15.434447015083704,1:15
42.85557837097878,264,NA,0,severity3,severity,calcium_and_vit_d,sens_all_follow_up,4182.661190965093,15.434447015083704,1:15
4676.621492128679,29527,NA,1.4968070458089986,asthma0,asthma,calcium_and_vit_d,sens_all_follow_up,4676.621492128679,173.27409210793266,1:173
26.989733059548254,147,NA,0,asthma1,asthma,calcium_and_vit_d,sens_all_follow_up,4676.621492128679,173.27409210793266,1:173
4696.073921971252,29632,NA,1.4906068593276398,alc0,alc,calcium_and_vit_d,sens_all_follow_up,4696.073921971252,623.0443152924082,1:623
NA,42,NA,0,alc1,alc,calcium_and_vit_d,sens_all_follow_up,4696.073921971252,623.0443152924082,1:623
330.10814510609174,3836,NA,0,patternintermittent,pattern,calcium_and_vit_d,sens_shorter_windows,330.10814510609174,2.693263045032166,1:3
122.5681040383299,1648,NA,8.158729449606863,patterncontinuous,pattern,calcium_and_vit_d,sens_shorter_windows,330.10814510609174,2.693263045032166,1:3
NA,96,NA,0,cumdaysfew,cumdays,calcium_and_vit_d,sens_shorter_windows,NA,0.017564590180077052,1:0
444.8624229979466,5388,NA,2.247885971714486,cumdaysmany,cumdays,calcium_and_vit_d,sens_shorter_windows,NA,0.017564590180077052,1:0
116.73921971252567,1401,NA,8.566101456413143,pattern_rt_gapintermittent,pattern_rt_gap,calcium_and_vit_d,sens_shorter_windows,116.73921971252567,0.3475032803318636,1:0
335.93702943189595,4083,NA,0,pattern_rt_gapcontinuous,pattern_rt_gap,calcium_and_vit_d,sens_shorter_windows,116.73921971252567,0.3475032803318636,1:0
332.46817248459956,3777,NA,3.007806709817679,pattern_laggedintermittent,pattern_lagged,calcium_and_vit_d,sens_shorter_windows,332.46817248459956,2.765772331799754,1:3
120.20807665982204,1707,NA,0,pattern_laggedcontinuous,pattern_lagged,calcium_and_vit_d,sens_shorter_windows,332.46817248459956,2.765772331799754,1:3
87.72073921971253,1059,NA,0,pattern_ittintermittent,pattern_itt,calcium_and_vit_d,sens_shorter_windows,87.72073921971253,0.24036009002250563,1:0
364.9555099247091,4425,NA,2.7400600150037513,pattern_ittcontinuous,pattern_itt,calcium_and_vit_d,sens_shorter_windows,87.72073921971253,0.24036009002250563,1:0
NA,56,NA,0,cumdose450 to 899 mg,cumdose,calcium_and_vit_d,sens_shorter_windows,NA,0.5816839986581683,1:1
NA,102,NA,0,cumdose900 to 1500 mg,cumdose,calcium_and_vit_d,sens_shorter_windows,NA,0.5816839986581683,1:1
439.76728268309375,5326,NA,2.273929961089494,cumdose>1500 mg,cumdose,calcium_and_vit_d,sens_shorter_windows,NA,0.5816839986581683,1:1
409.94113620807667,4958,NA,2.4393746118038346,severity0,severity,calcium_and_vit_d,sens_shorter_windows,409.94113620807667,19.169248495711177,1:19
21.385352498288842,250,NA,0,severity1,severity,calcium_and_vit_d,sens_shorter_windows,409.94113620807667,19.169248495711177,1:19
17.4072553045859,225,NA,0,severity2,severity,calcium_and_vit_d,sens_shorter_windows,409.94113620807667,19.169248495711177,1:19
NA,51,NA,0,severity3,severity,calcium_and_vit_d,sens_shorter_windows,409.94113620807667,19.169248495711177,1:19
450.70499657768653,5458,NA,2.218746203377475,asthma0,asthma,calcium_and_vit_d,sens_shorter_windows,450.70499657768653,228.63888888888891,1:229
NA,26,NA,0,asthma1,asthma,calcium_and_vit_d,sens_shorter_windows,450.70499657768653,228.63888888888891,1:229
452.18343600273784,5478,NA,2.2114918866553643,alc0,alc,calcium_and_vit_d,sens_shorter_windows,452.18343600273784,917.5555555555555,1:918
NA,NA,NA,0,alc1,alc,calcium_and_vit_d,sens_shorter_windows,452.18343600273784,917.5555555555555,1:918
799.9096509240246,5589,NA,1.2501411863762848,patternintermittent,pattern,calcium_and_vit_d,sens_no_asthma,799.9096509240246,8.77536493061813,1:9
91.15400410677618,937,NA,10.970445125247792,patterncontinuous,pattern,calcium_and_vit_d,sens_no_asthma,799.9096509240246,8.77536493061813,1:9
12.706365503080082,95,NA,0,cumdaysfew,cumdays,calcium_and_vit_d,sens_no_asthma,12.706365503080082,0.014466055732186274,1:0
878.3572895277207,6431,NA,2.276977744529643,cumdaysmany,cumdays,calcium_and_vit_d,sens_no_asthma,12.706365503080082,0.014466055732186274,1:0
230.4969199178645,1666,NA,8.676905533977122,pattern_rt_gapintermittent,pattern_rt_gap,calcium_and_vit_d,sens_no_asthma,230.4969199178645,0.34893812792201334,1:0
660.5667351129364,4860,NA,0,pattern_rt_gapcontinuous,pattern_rt_gap,calcium_and_vit_d,sens_no_asthma,230.4969199178645,0.34893812792201334,1:0
805.7440109514032,5913,NA,2.482177928494247,pattern_laggedintermittent,pattern_lagged,calcium_and_vit_d,sens_no_asthma,805.7440109514032,9.443827616083176,1:9
85.31964407939768,613,NA,0,pattern_laggedcontinuous,pattern_lagged,calcium_and_vit_d,sens_no_asthma,805.7440109514032,9.443827616083176,1:9
603.3456536618754,4326,NA,1.6574247182037645,pattern_ittintermittent,pattern_itt,calcium_and_vit_d,sens_no_asthma,603.3456536618754,2.097003492277974,1:2
287.7180013689254,2200,NA,3.475625422261131,pattern_ittcontinuous,pattern_itt,calcium_and_vit_d,sens_no_asthma,603.3456536618754,2.097003492277974,1:2
NA,49,NA,0,cumdose450 to 899 mg,cumdose,calcium_and_vit_d,sens_no_asthma,NA,0.4660543850171079,1:0
15.203285420944558,113,NA,0,cumdose900 to 1500 mg,cumdose,calcium_and_vit_d,sens_no_asthma,NA,0.4660543850171079,1:0
868.7748117727584,6364,NA,2.3020925248960036,cumdose>1500 mg,cumdose,calcium_and_vit_d,sens_no_asthma,NA,0.4660543850171079,1:0
805.8644763860369,5905,NA,2.48180687771368,severity0,severity,calcium_and_vit_d,sens_no_asthma,805.8644763860369,18.878968635751395,1:19
42.68583162217659,299,NA,0,severity1,severity,calcium_and_vit_d,sens_no_asthma,805.8644763860369,18.878968635751395,1:19
35.148528405201915,269,NA,0,severity2,severity,calcium_and_vit_d,sens_no_asthma,805.8644763860369,18.878968635751395,1:19
NA,53,NA,0,severity3,severity,calcium_and_vit_d,sens_no_asthma,805.8644763860369,18.878968635751395,1:19
891.0636550308009,6526,NA,2.2445085586291444,asthma0,asthma,calcium_and_vit_d,sens_no_asthma,891.0636550308009,Inf,1:Inf
NA,NA,NA,NA,asthma1,asthma,calcium_and_vit_d,sens_no_asthma,891.0636550308009,Inf,1:Inf
890.0780287474332,6518,NA,2.2469940110919375,alc0,alc,calcium_and_vit_d,sens_no_asthma,890.0780287474332,903.0583333333334,1:903
NA,NA,NA,0,alc1,alc,calcium_and_vit_d,sens_no_asthma,890.0780287474332,903.0583333333334,1:903
3466.6858316221765,24784,NA,1.1538397750130904,patternintermittent,pattern,calcium_and_vit_d,sens_all_ages,3466.6858316221765,9.52099766149589,1:10
364.1095140314853,3853,NA,5.492852899820289,patterncontinuous,pattern,calcium_and_vit_d,sens_all_ages,3466.6858316221765,9.52099766149589,1:10
166.59548254620123,1170,NA,0,cumdaysfew,cumdays,calcium_and_vit_d,sens_all_ages,166.59548254620123,0.045465719330309205,1:0
3664.1998631074607,27467,NA,1.6374652650392387,cumdaysmany,cumdays,calcium_and_vit_d,sens_all_ages,166.59548254620123,0.045465719330309205,1:0
1012.2162902121835,7536,NA,1.975862292811702,pattern_rt_gapintermittent,pattern_rt_gap,calcium_and_vit_d,sens_all_ages,1012.2162902121835,0.3591229021084308,1:0
2818.5790554414784,21101,NA,1.419154801522313,pattern_rt_gapcontinuous,pattern_rt_gap,calcium_and_vit_d,sens_all_ages,1012.2162902121835,0.3591229021084308,1:0
3487.3045859000686,26110,NA,1.7205265133017937,pattern_laggedintermittent,pattern_lagged,calcium_and_vit_d,sens_all_ages,3487.3045859000686,10.15254264307349,1:10
343.4907597535934,2527,NA,0,pattern_laggedcontinuous,pattern_lagged,calcium_and_vit_d,sens_all_ages,3487.3045859000686,10.15254264307349,1:10
2672.750171115674,19653,NA,1.122439363177638,pattern_ittintermittent,pattern_itt,calcium_and_vit_d,sens_all_ages,2672.750171115674,2.3079843773642006,1:2
1158.0451745379876,8984,NA,2.5905725147526106,pattern_ittcontinuous,pattern_itt,calcium_and_vit_d,sens_all_ages,2672.750171115674,2.3079843773642006,1:2
98.20670773442848,667,NA,0,cumdose450 to 899 mg,cumdose,calcium_and_vit_d,sens_all_ages,98.20670773442848,0.5888726544415807,1:1
166.77070499657768,1203,NA,0,cumdose900 to 1500 mg,cumdose,calcium_and_vit_d,sens_all_ages,98.20670773442848,0.5888726544415807,1:1
3565.817932922656,26767,NA,1.6826433970738972,cumdose>1500 mg,cumdose,calcium_and_vit_d,sens_all_ages,98.20670773442848,0.5888726544415807,1:1
3499.994524298426,26201,NA,1.7142883962661912,severity0,severity,calcium_and_vit_d,sens_all_ages,3499.994524298426,18.513997306260773,1:19
189.04585900068446,1399,NA,0,severity1,severity,calcium_and_vit_d,sens_all_ages,3499.994524298426,18.513997306260773,1:19
124.40246406570841,907,NA,0,severity2,severity,calcium_and_vit_d,sens_all_ages,3499.994524298426,18.513997306260773,1:19
17.352498288843258,130,NA,0,severity3,severity,calcium_and_vit_d,sens_all_ages,3499.994524298426,18.513997306260773,1:19
3807.7234770704995,28455,NA,1.5757446768734753,asthma0,asthma,calcium_and_vit_d,sens_all_ages,3807.7234770704995,165.0374985166726,1:165
23.071868583162217,182,NA,0,asthma1,asthma,calcium_and_vit_d,sens_all_ages,3807.7234770704995,165.0374985166726,1:165
3824.8815879534563,28596,NA,1.5686760131077324,alc0,alc,calcium_and_vit_d,sens_all_ages,3824.8815879534563,646.7768518518518,1:647
NA,41,NA,0,alc1,alc,calcium_and_vit_d,sens_all_ages,3824.8815879534563,646.7768518518518,1:647
